<?xml version="1.0" encoding="utf-8" standalone="yes"?>
<rss version="2.0" xmlns:atom="http://www.w3.org/2005/Atom">
  <channel>
    <title>Project on realjame</title>
    <link>https://realja.me/categories/Project/</link>
    <description>Recent content in Project on realjame</description>
    <generator>Hugo -- gohugo.io</generator>
    <language>en-us</language>
    <lastBuildDate>Wed, 02 Nov 2022 00:00:00 +0000</lastBuildDate><atom:link href="https://realja.me/categories/Project/index.xml" rel="self" type="application/rss+xml" />
    <item>
      <title>Spooking Out&#39;s Modern Roblox Port</title>
      <link>https://realja.me/post/2022-11-02-spooking-out-modern-roblox-port/</link>
      <pubDate>Wed, 02 Nov 2022 00:00:00 +0000</pubDate>
      
      <guid>https://realja.me/post/2022-11-02-spooking-out-modern-roblox-port/</guid>
      <description>Hey everyone, I am proud to announce the modern Roblox port of Spooking Out! has been published to the Roblox website under our group!
Don&amp;rsquo;t know about Spooking Out or Tobic Bay? Read the [previous article]({% post_url 2022-10-24-introducing-spooking-out %}).
This means you can now play our game on modern Roblox. Oh, and we also went back and improved the experience to make playing it on mobile, controller, and Xbox just as playable and fun!</description>
    </item>
    
    <item>
      <title>Introducing Spooking Out!</title>
      <link>https://realja.me/post/2022-10-24-introducing-spooking-out/</link>
      <pubDate>Mon, 24 Oct 2022 00:00:00 +0000</pubDate>
      
      <guid>https://realja.me/post/2022-10-24-introducing-spooking-out/</guid>
      <description>Hello! I&amp;rsquo;m proud to announce a brand new game made for the classic Roblox engine (2010 specifically), made in collaboration with my friend, Tobu.fi. Come play the game with us on a 24/7 server I&amp;rsquo;m hosting for the game, or download a copy of the game for yourself.
Client: 2010L IP: court-michelle.at.playit.gg Port: 41927 Map: Spooking Out! Players: 12 Version: Novetus 1.3 v8.2022.1 Not sure how long I will keep this server running&amp;hellip; at least until Halloween.</description>
    </item>
    
  </channel>
</rss>
