<?xml version="1.0" encoding="utf-8" standalone="yes"?>
<rss version="2.0" xmlns:atom="http://www.w3.org/2005/Atom">
  <channel>
    <title>Pages on realjame</title>
    <link>https://realja.me/pages/</link>
    <description>Recent content in Pages on realjame</description>
    <generator>Hugo -- gohugo.io</generator>
    <language>en-us</language><atom:link href="https://realja.me/pages/index.xml" rel="self" type="application/rss+xml" />
    <item>
      <title>Contact</title>
      <link>https://realja.me/pages/contact/</link>
      <pubDate>Mon, 01 Jan 0001 00:00:00 +0000</pubDate>
      
      <guid>https://realja.me/pages/contact/</guid>
      <description>&amp;hellip;with email! Good old e-mail. I think it&amp;rsquo;s the best for this form of communication! And, it&amp;rsquo;s fun to send and recieve them too!
I would recommend email if you simply want to talk to me, doesn&amp;rsquo;t matter what, I&amp;rsquo;d love to read what you have to say.
As seen on the footer, my email address is james@realja.me!
And my other accounts:  Discord: realjame#3946 GitHub: @real-jame Twitter: @real__jame YouTube: @realjame  </description>
    </item>
    
  </channel>
</rss>
