<?xml version="1.0" encoding="utf-8" standalone="yes"?>
<rss version="2.0" xmlns:atom="http://www.w3.org/2005/Atom">
  <channel>
    <title>realjame</title>
    <link>https://realja.me/</link>
    <description>Recent content on realjame</description>
    <generator>Hugo -- gohugo.io</generator>
    <language>en-us</language>
    <lastBuildDate>Thu, 24 Nov 2022 00:00:00 +0000</lastBuildDate><atom:link href="https://realja.me/index.xml" rel="self" type="application/rss+xml" />
    <item>
      <title>Happy Thanksgiving!</title>
      <link>https://realja.me/post/2022-11-24-happy-thanksgiving/</link>
      <pubDate>Thu, 24 Nov 2022 00:00:00 +0000</pubDate>
      
      <guid>https://realja.me/post/2022-11-24-happy-thanksgiving/</guid>
      <description>        A &amp;ldquo;turkey&amp;rdquo;    </description>
    </item>
    
    <item>
      <title>Spooking Out&#39;s Modern Roblox Port</title>
      <link>https://realja.me/post/2022-11-02-spooking-out-modern-roblox-port/</link>
      <pubDate>Wed, 02 Nov 2022 00:00:00 +0000</pubDate>
      
      <guid>https://realja.me/post/2022-11-02-spooking-out-modern-roblox-port/</guid>
      <description>Hey everyone, I am proud to announce the modern Roblox port of Spooking Out! has been published to the Roblox website under our group!
Don&amp;rsquo;t know about Spooking Out or Tobic Bay? Read the [previous article]({% post_url 2022-10-24-introducing-spooking-out %}).
This means you can now play our game on modern Roblox. Oh, and we also went back and improved the experience to make playing it on mobile, controller, and Xbox just as playable and fun!</description>
    </item>
    
    <item>
      <title>Introducing Spooking Out!</title>
      <link>https://realja.me/post/2022-10-24-introducing-spooking-out/</link>
      <pubDate>Mon, 24 Oct 2022 00:00:00 +0000</pubDate>
      
      <guid>https://realja.me/post/2022-10-24-introducing-spooking-out/</guid>
      <description>Hello! I&amp;rsquo;m proud to announce a brand new game made for the classic Roblox engine (2010 specifically), made in collaboration with my friend, Tobu.fi. Come play the game with us on a 24/7 server I&amp;rsquo;m hosting for the game, or download a copy of the game for yourself.
Client: 2010L IP: court-michelle.at.playit.gg Port: 41927 Map: Spooking Out! Players: 12 Version: Novetus 1.3 v8.2022.1 Not sure how long I will keep this server running&amp;hellip; at least until Halloween.</description>
    </item>
    
    <item>
      <title></title>
      <link>https://realja.me/test/</link>
      <pubDate>Mon, 01 Jan 0001 00:00:00 +0000</pubDate>
      
      <guid>https://realja.me/test/</guid>
      <description>TEST</description>
    </item>
    
    <item>
      <title>All Posts</title>
      <link>https://realja.me/list/</link>
      <pubDate>Mon, 01 Jan 0001 00:00:00 +0000</pubDate>
      
      <guid>https://realja.me/list/</guid>
      <description> {%- if page.title -%} {{ page.title }} {%- endif -%}  List all posts by: category / date {%- if site.posts.size  0 -%} {%- for post in site.posts -%}  {%- assign date_format = site.minima.date_format | default: &#34;%b %-d %Y&#34; -%} {{ post.date | date: date_format }} – {{ post.title }}  {%- endfor -%}  {%- endif -%} </description>
    </item>
    
    <item>
      <title>Contact</title>
      <link>https://realja.me/pages/contact/</link>
      <pubDate>Mon, 01 Jan 0001 00:00:00 +0000</pubDate>
      
      <guid>https://realja.me/pages/contact/</guid>
      <description>&amp;hellip;with email! Good old e-mail. I think it&amp;rsquo;s the best for this form of communication! And, it&amp;rsquo;s fun to send and recieve them too!
I would recommend email if you simply want to talk to me, doesn&amp;rsquo;t matter what, I&amp;rsquo;d love to read what you have to say.
As seen on the footer, my email address is james@realja.me!
And my other accounts:  Discord: realjame#3946 GitHub: @real-jame Twitter: @real__jame YouTube: @realjame  </description>
    </item>
    
    <item>
      <title>Posts by Category</title>
      <link>https://realja.me/categories/</link>
      <pubDate>Mon, 01 Jan 0001 00:00:00 +0000</pubDate>
      
      <guid>https://realja.me/categories/</guid>
      <description> {%- if page.title -%} {{ page.title }}  List all posts by: category / date {%- endif -%} {%- if site.posts.size  0 -%}  {% for category in site.categories %}  {{ category | first }}  {% for post in category.last %}  {%- assign date_format = site.minima.date_format | default: &#34;%b %-d %Y&#34; -%} {{ post.date | date: date_format }} – {{ post.title }}  {% endfor %}   {% endfor %}  {%- endif -%} </description>
    </item>
    
  </channel>
</rss>
