<?xml version="1.0" encoding="utf-8" standalone="yes"?>
<rss version="2.0" xmlns:atom="http://www.w3.org/2005/Atom">
  <channel>
    <title>Roblox on realjame</title>
    <link>https://realja.me/categories/Roblox/</link>
    <description>Recent content in Roblox on realjame</description>
    <generator>Hugo -- gohugo.io</generator>
    <language>en-us</language>
    <lastBuildDate>Wed, 02 Nov 2022 00:00:00 +0000</lastBuildDate><atom:link href="https://realja.me/categories/Roblox/index.xml" rel="self" type="application/rss+xml" />
    <item>
      <title>Spooking Out&#39;s Modern Roblox Port</title>
      <link>https://realja.me/post/2022-11-02-spooking-out-modern-roblox-port/</link>
      <pubDate>Wed, 02 Nov 2022 00:00:00 +0000</pubDate>
      
      <guid>https://realja.me/post/2022-11-02-spooking-out-modern-roblox-port/</guid>
      <description>Hey everyone, I am proud to announce the modern Roblox port of Spooking Out! has been published to the Roblox website under our group!
Don&amp;rsquo;t know about Spooking Out or Tobic Bay? Read the [previous article]({% post_url 2022-10-24-introducing-spooking-out %}).
This means you can now play our game on modern Roblox. Oh, and we also went back and improved the experience to make playing it on mobile, controller, and Xbox just as playable and fun!</description>
    </item>
    
  </channel>
</rss>
