<?xml version="1.0" encoding="utf-8" standalone="yes"?>
<rss version="2.0" xmlns:atom="http://www.w3.org/2005/Atom">
  <channel>
    <title>Categories on realjame</title>
    <link>https://realja.me/categories/</link>
    <description>Recent content in Categories on realjame</description>
    <generator>Hugo -- gohugo.io</generator>
    <language>en-us</language>
    <lastBuildDate>Thu, 24 Nov 2022 00:00:00 +0000</lastBuildDate><atom:link href="https://realja.me/categories/index.xml" rel="self" type="application/rss+xml" />
    <item>
      <title>Personal</title>
      <link>https://realja.me/categories/Personal/</link>
      <pubDate>Thu, 24 Nov 2022 00:00:00 +0000</pubDate>
      
      <guid>https://realja.me/categories/Personal/</guid>
      <description></description>
    </item>
    
    <item>
      <title>Project</title>
      <link>https://realja.me/categories/Project/</link>
      <pubDate>Wed, 02 Nov 2022 00:00:00 +0000</pubDate>
      
      <guid>https://realja.me/categories/Project/</guid>
      <description></description>
    </item>
    
    <item>
      <title>Roblox</title>
      <link>https://realja.me/categories/Roblox/</link>
      <pubDate>Wed, 02 Nov 2022 00:00:00 +0000</pubDate>
      
      <guid>https://realja.me/categories/Roblox/</guid>
      <description></description>
    </item>
    
    <item>
      <title>Update</title>
      <link>https://realja.me/categories/Update/</link>
      <pubDate>Wed, 02 Nov 2022 00:00:00 +0000</pubDate>
      
      <guid>https://realja.me/categories/Update/</guid>
      <description></description>
    </item>
    
    <item>
      <title>Old-Roblox</title>
      <link>https://realja.me/categories/Old-Roblox/</link>
      <pubDate>Mon, 24 Oct 2022 00:00:00 +0000</pubDate>
      
      <guid>https://realja.me/categories/Old-Roblox/</guid>
      <description></description>
    </item>
    
  </channel>
</rss>
